res_seq,mem_seq,res_name,res_locate,res_phone,res_content,res_score,res_hit,res_wdate,res_update
0,6,신사펍 이수점,서울 동작구 동작대로 129 4층 (우)06997,02-6273-7105,월~금 17:00 ~ 24:00,2,0,2023-05-24,2023-05-24
1,2,삼육가 사당역1호점,서울 서초구 방배천로 10 1층 (우)06693,02-1133-3520,"매일 11:30 ~ 23:00
매일 휴게시간 15:00 ~ 17:00",1,0,2023-05-24,2023-05-24
2,15,이수통닭 본점,"서울 서초구 방배천로 92 세앙아르비체 102동 107,108호 (우)06675",02-581-8892,매일 15:00 ~ 23:00,5,0,2023-05-24,2023-05-24
3,20,낙성곱창,서울 동작구 동작대로19길 60 (우)07013,02-3474-5777,매일 14:00 ~ 00:00,3,0,2023-05-24,2023-05-24
4,4,그릴진,서울 동작구 동작대로27다길 31 세양그레이스빌 1층 101호 (우)07008,02-8535-3950,매일 16:30 ~ 01:00,1,0,2023-05-24,2023-05-24
5,17,남미플랜트랩,서울 서초구 방배천로4안길 55 2층 (우)06677,02-5018-0744,"매일 12:00 ~ 21:00
월~금 휴게시간 16:00 ~ 17:30",1,0,2023-05-24,2023-05-24
6,2,리에또,서울 서초구 방배천로4안길 20 2층 (우)06692,02-581-5291,"매일 11:00 ~ 21:20
월~금 휴게시간 15:00 ~ 17:00",1,0,2023-05-24,2023-05-24
7,1,디피스트,서울 동작구 동작대로27길 31 2층 (우)07008,02-3271-3449,"월,화,수,금,토,일 11:00 ~ 23:00",3,0,2023-05-24,2023-05-24
8,10,청와옥 사당직영점,서울 동작구 동작대로 71 1층 (우)07013,02-588-0885,매일 08:00 ~ 22:00,4,0,2023-05-24,2023-05-24
9,7,올라아보 이수본점,서울 동작구 사당로 300 이수자이 1층 116호 (우)07013,02-3959-2072,"월~금 11:30 ~ 22:00
월~금 휴게시간 15:00 ~ 17:00",5,0,2023-05-24,2023-05-24
10,9,단아한정식,서울 동작구 동작대로27가길 44 2층 (우)07008,02-4193-6058,매일 11:30 ~ 22:00,3,0,2023-05-24,2023-05-24
11,19,개화,서울 서초구 동작대로 86 동주빌딩 지하 1층 (우)06675,02-9517-1560,매일 11:00 ~ 22:00,2,0,2023-05-24,2023-05-24
12,4,초동집 본점,서울 서초구 방배천로 22 (우)06692,02-0114-4051,매일 11:00 ~ 22:00,1,0,2023-05-24,2023-05-24
13,6,바른식 시골보쌈&감자옹심이 사당역별관점,서울 서초구 방배천로 12 (우)06693,02-3313-6192,매일 11:30 ~ 23:00,2,0,2023-05-24,2023-05-24
14,7,원조쯔왕돈까스,"서울 동작구 동작대로23길 33 1,2층 (우)07013",02-8674-9011,"매일 11:00 ~ 21:30
매일 휴게시간 15:30 ~ 17:00",5,0,2023-05-24,2023-05-24
15,7,리틀크레이지피자,서울 동작구 동작대로27길 9 2층 (우)07008,02-3840-0099,화요일,3,0,2023-05-24,2023-05-24
16,9,유정우함흥냉면,서울 동작구 동작대로29다길 7-1 (우)06997,02-3478-0105,매일 11:00 ~ 20:20,5,0,2023-05-24,2023-05-24
17,16,초와밥,서울 동작구 동작대로5길 8 (우)07015,02-5250-2934,"월~토 11:30 ~ 22:30
월~금 휴게시간 14:30 ~ 16:30",2,0,2023-05-24,2023-05-24
18,19,강고집 사당본점,서울 서초구 방배천로4안길 6 1층 (우)06692,02-6489-9589,월~금 16:30 ~ 23:00,1,0,2023-05-24,2023-05-24
19,1,도너츠윤 방배점,서울 서초구 동광로12가길 12 1층 (우)06567,02-3443-9874,매일 11:00 ~ 18:00,2,0,2023-05-24,2023-05-24
20,3,농부쌈밥,서울 동작구 사당로30길 19 (우)07013,02-521-8005,월~토 11:00 ~ 21:30,5,0,2023-05-24,2023-05-24
21,20,정작가의막걸리집,서울 동작구 동작대로33가길 5 1층 3호 (우)06996,02-1280-0108,월~금 17:00 ~ 01:00,2,0,2023-05-24,2023-05-24
22,20,갈비연구소,서울 동작구 동작대로23길 10 1층 (우)07013,02-6012-0101,월~토 16:30 ~ 22:00,5,0,2023-05-24,2023-05-24
23,15,요란한부엌,서울 동작구 사당로30길 126 1층 (우)07015,02-582-6011,월~금 17:00 ~ 01:00,4,0,2023-05-24,2023-05-24
24,2,부엌쟁이,서울 동작구 동작대로23길 31 (우)07013,02-6205-3340,"매일 11:30 ~ 22:00
매일 휴게시간 15:00 ~ 17:00",5,0,2023-05-24,2023-05-24
25,10,남궁야,서울 서초구 방배천로4안길 10 (우)06692,02-581-9252,월~금 12:00 ~ 22:30,4,0,2023-05-24,2023-05-24
26,20,어사출또 이수역점,서울 동작구 동작대로27나길 21 1층 (우)07008,02-533-5475,"월,화,수,목,일 12:00 ~ 02:00",1,0,2023-05-24,2023-05-24
27,4,태양커피,서울 서초구 서초대로25길 55 1층 (우)06586,02-0109-6545,월~금 09:00 ~ 21:00,2,0,2023-05-24,2023-05-24
28,7,월량,서울 서초구 서초대로 28 장현빌딩 1층 (우)06675,02-2649-7751,"화~금 11:30 ~ 21:00
화~일 휴게시간 14:30 ~ 17:00",3,0,2023-05-24,2023-05-24
29,6,조가네갑오징어 사당점,서울 동작구 남부순환로271길 24 (우)07025,02-7288-3371,매일 10:00 ~ 22:00,2,0,2023-05-24,2023-05-24
30,4,가마솥손두부,서울 동작구 남부순환로271길 20 (우)07025,02-3472-2202,월~금 11:20 ~ 22:00,5,0,2023-05-24,2023-05-24
31,14,쟝블랑제리,"서울 동작구 동작대로23길 8 1, 2층 (우)07013",02-8162-1987,매일 10:00 ~ 21:00,4,0,2023-05-24,2023-05-24
32,8,페니힐스,"서울 동작구 동작대로1길 10-14 1,2층 (우)07025",02-0060-4903,매일 12:00 ~ 21:00 (3층 운영시간 - 13:00~21:00),4,0,2023-05-24,2023-05-24
33,19,스타벅스 이수역점,서울 서초구 동작대로 112 한신 휴플러스 1층 (우)06568,02-9397-5697,화~금 07:30 ~ 22:00,4,0,2023-05-24,2023-05-24
34,15,주,서울 서초구 동광로19길 16 (우)06561,02-3482-3374,"화~금 11:30 ~ 22:00
화~금 휴게시간 15:00 ~ 17:00",5,0,2023-05-24,2023-05-24
35,10,정담은,서울 서초구 방배천로2길 15 (우)06693,02-7575-0684,월~토 11:30 ~ 22:00,3,0,2023-05-24,2023-05-24
36,13,도쿄빙수 이수점,"서울 동작구 동작대로27길 38 1층 103,104호 (우)07008",02-9565-8092,매일 12:00 ~ 22:00,1,0,2023-05-24,2023-05-24
37,17,방배양곱창,서울 동작구 동작대로23길 27 (우)07013,02-6406-0079,월~금 16:00 ~ 24:00,5,0,2023-05-24,2023-05-24
38,16,속초어시장 방배점,서울 서초구 방배천로2길 7 1층 (우)06693,02-523-0511,월~토 11:30 ~ 05:00,3,0,2023-05-24,2023-05-24
39,8,구름떡,서울 서초구 방배로33길 21 1층 (우)06562,02-9664-8385,월~토 08:00 ~ 23:00,1,0,2023-05-24,2023-05-24
40,19,이수샤브샤브,서울 동작구 동작대로29길 8 2층 (우)06997,02-536-3253,매일 11:00 ~ 24:00,1,0,2023-05-24,2023-05-24
41,7,바다해물포차,서울 서초구 서초대로 20 1층 (우)06675,02-599-0435,월~토 16:30 ~ 01:00,5,0,2023-05-24,2023-05-24
42,2,도어이스케이프 이수역점,서울 동작구 동작대로27가길 14 3층 (우)07008,02-5754-4972,hi,4,0,2023-05-24,2023-05-24
43,2,다피타시그니처,서울 서초구 서초대로 3-4 방배디오슈페리움1 1층 106호 (우)06568,02-8535-3457,매일 11:30 ~ 22:00,1,0,2023-05-24,2023-05-24
44,7,양양메밀막국수,서울 서초구 동광로15길 10 (우)06561,02-1860-9430,"매일 11:00 ~ 21:00
매일 휴게시간 15:00 ~ 17:00",5,0,2023-05-24,2023-05-24
45,12,수향가 사당직영점,서울 서초구 남부순환로 2121-3 (우)06693,02-523-8799,월~금 15:00 ~ 01:00,2,0,2023-05-24,2023-05-24
46,11,규스홈 레스토랑,서울 서초구 방배천로 62 1층 (우)06677,02-0298-8497,"월~금 12:00 ~ 22:00 (사전연락시 22:00 이후에도 연장영업)
매일 휴게시간 15:00 ~ 17:00",4,0,2023-05-24,2023-05-24
47,9,이수곱창,서울 동작구 동작대로27가길 6-4 1층 (우)07008,02-593-1101,매일 15:30 ~ 24:00,2,0,2023-05-24,2023-05-24
48,20,37.5 동작이수점,서울 동작구 동작대로27가길 23 이오빌딩 2층 (우)07008,02-595-3705,"매일 09:50 ~ 20:50
월,화,수,목,금,일 휴게시간 15:50 ~ 17:00",1,0,2023-05-24,2023-05-24
49,11,마왕족발 이수역점,서울 동작구 동작대로25길 43 (우)07008,02-3428-9809,매일 17:00 ~ 02:00,1,0,2023-05-24,2023-05-24
50,13,원조부안집 이수점,서울 동작구 동작대로27가길 39 1층 (우)07008,02-8515-5750,월~금 16:00 ~ 23:30,1,0,2023-05-24,2023-05-24
51,18,샤브리샤브샤브,서울 서초구 방배천로2길 21 성현빌딩 3층 (우)06693,02-3111-9655,매일 11:00 ~ 22:00,2,0,2023-05-24,2023-05-24
52,13,정원에프엔비,서울 동작구 사당로28길 5 1층 (우)07013,02-522-0425,"매일 11:00 ~ 21:00
매일 휴게시간 16:00 ~ 17:00",3,0,2023-05-24,2023-05-24
53,8,여진족,"서울 서초구 방배천로4안길 12 지하1층,1층 (우)06692",02-6650-8628,월~토 16:00 ~ 23:00,5,0,2023-05-24,2023-05-24
54,3,머치커피,서울 동작구 동작대로9길 43 1층 (우)07015,02-3257-6562,매일 11:00 ~ 21:00,2,0,2023-05-24,2023-05-24
55,15,태양커피 사당점,서울 서초구 방배천로 32 송암빌딩 1층 (우)06691,02-7266-9254,월~금 09:00 ~ 21:00,5,0,2023-05-24,2023-05-24
56,7,파니모들,서울 동작구 동작대로 153 1층 (우)06996,02-4596-5848,"월,화,목,금 09:00 ~ 22:30",4,0,2023-05-24,2023-05-24
57,1,김재운초밥사랑 이수점,서울 동작구 동작대로 69 1층 (우)07014,02-6873-0944,매일 11:30 ~ 23:00,5,0,2023-05-24,2023-05-24
58,20,대구형제막창 방배점,서울 서초구 서초대로 22 (우)06675,02-3474-1219,매일 17:00 ~ 02:00,1,0,2023-05-24,2023-05-24
59,20,남성집,서울 동작구 동작대로 127 지하1층 (우)07008,02-599-1175,매일 10:00 ~ 23:30,2,0,2023-05-24,2023-05-24
60,3,남해안활어,서울 동작구 사당로30길 157 (우)07025,02-522-2069,매일 11:00 ~ 01:00,5,0,2023-05-24,2023-05-24
61,18,이태리양조장,서울 동작구 동작대로27가길 26 2층 (우)07008,02-535-2208,매일 17:00 ~ 03:00,2,0,2023-05-24,2023-05-24
62,13,수연숯불갈비,서울 동작구 동작대로27다길 5 1층 (우)07008,02-537-6212,매일 10:00 ~ 02:30,4,0,2023-05-24,2023-05-24
63,4,김부삼 사당역점,서울 서초구 방배천로4길 20 1~3층 (우)06693,02-585-9493,월~금 16:00 ~ 24:00,2,0,2023-05-24,2023-05-24
64,14,본때 이수점,"서울 동작구 동작대로27다길 29 1층 103,104호 (우)07008",02-533-0810,매일 11:00 ~ 05:00,1,0,2023-05-24,2023-05-24
65,18,구뜰집,서울 서초구 서초대로23길 14 1층 (우)06573,02-9695-1405,일요일,4,0,2023-05-24,2023-05-24
66,18,홍미단 방배본점,서울 서초구 효령로31길 94 (우)06682,02-4887-0329,매일 11:00 ~ 21:30,4,0,2023-05-24,2023-05-24
67,16,장미맨숀 이수점,서울 동작구 동작대로23길 15 1층 (우)07013,02-583-0314,매일 17:00 ~ 02:00,2,0,2023-05-24,2023-05-24
68,18,순대만드는집,서울 서초구 방배천로8길 6-2 (우)06691,02-597-1989,매일 11:30 ~ 22:00,4,0,2023-05-24,2023-05-24
69,20,이고집쭈꾸미 이수점,서울 동작구 동작대로27다길 2 1층 (우)07008,02-592-9222,매일 11:00 ~ 23:30,4,0,2023-05-24,2023-05-24
70,10,고놈들,서울 동작구 동작대로27나길 20 1층 (우)07008,02-3476-8333,월~토 17:00 ~ 02:00,4,0,2023-05-24,2023-05-24
71,15,미소네,서울 동작구 동작대로7길 32 1층 (우)07015,02-5281-6215,hi,3,0,2023-05-24,2023-05-24
72,16,한울갈비,서울 동작구 동작대로1길 9 1층 (우)07025,02-583-4118,매일 10:30 ~ 23:00,1,0,2023-05-24,2023-05-24
73,2,시스트로,서울 서초구 방배천로24길 25 시현빌 1층 101호 (우)06675,02-587-1230,hi,5,0,2023-05-24,2023-05-24
74,5,오다가다,서울 동작구 동작대로35길 10 1층 (우)06995,02-6488-1827,화~토 12:30 ~ 21:30,2,0,2023-05-24,2023-05-24
75,3,쿠킨스테이크 이수점,서울 동작구 동작대로27다길 44 2층  (우)07008,02-0467-8456,매일 11:30 ~ 21:30,1,0,2023-05-24,2023-05-24
76,8,남도술상,서울 서초구 방배천로 12-11 지하1층 (우)06693,02-598-8040,매일 16:00 ~ 22:00 (사전예약 시 오픈 가능),1,0,2023-05-24,2023-05-24
77,6,용범이네인계동껍데기,서울 동작구 동작대로25길 22 (우)07008,02-4783-1939,매일 17:00 ~ 05:00,3,0,2023-05-24,2023-05-24
78,18,교대이층집 사당점,서울 서초구 방배천로 12-9 2층 (우)06693,02-5036-0295,매일 11:30 ~ 22:30,3,0,2023-05-24,2023-05-24
79,7,올리브에비뉴,서울 서초구 방배천로 11 파스텔시티 6층 (우)06693,02-6268-5373,매일 11:30 ~ 22:30,2,0,2023-05-24,2023-05-24
80,5,왕금성 이수역점,서울 서초구 서초대로 3-4 디오슈페리움 1차 203호 (우)06568,02-5039-4171,매일 11:30 ~ 21:30,3,0,2023-05-24,2023-05-24
81,9,해이케이크샵,서울 서초구 방배천로2안길 69 1층 103호 (우)06691,02-5030-3503,"월,화,수요일",1,0,2023-05-24,2023-05-24
82,16,놀란돼지 이수점,서울 동작구 동작대로17길 6 1층 (우)07013,02-9854-2983,hi,2,0,2023-05-24,2023-05-24
83,3,크래프트한스 이수점,서울 동작구 동작대로27길 42 (우)07008,02-7568-8178,매일 17:00 ~ 02:00,2,0,2023-05-24,2023-05-24
84,2,제줏간 이수점,서울 동작구 동작대로27길 22 1층 (우)07008,02-8692-2898,월~금 15:00 ~ 00:00,3,0,2023-05-24,2023-05-24
85,17,역전할머니맥주 이수역점,서울 동작구 동작대로27다길 26 1층 (우)07008,02-7891-5433,매일 17:00 ~ 04:00,3,0,2023-05-24,2023-05-24
86,17,조개창고 방배점,서울 서초구 방배로 147 내방빌딩 3층 (우)06672,02-9121-1643,월~금 17:00 ~ 23:00,5,0,2023-05-24,2023-05-24
87,5,모소리 사당점,서울 동작구 사당로 243-5 1층 (우)07005,02-5694-6523,매일 17:00 ~ 23:30,1,0,2023-05-24,2023-05-24
88,1,코다차야 사당점,서울 서초구 방배천로2길 7 지하1층 (우)06693,02-0227-4037,매일 17:00 ~ 24:00,4,0,2023-05-24,2023-05-24
89,5,낯선한식븟다,서울 동작구 사당로30길 28 1층 (우)07013,02-0919-9650,"화~금 11:40 ~ 22:00
화~금 휴게시간 14:00 ~ 15:30",3,0,2023-05-24,2023-05-24
90,10,엔제리너스 이수역점,서울 동작구 동작대로25길 16 (우)07008,02-8065-0140,매일 00:00 ~ 24:00,4,0,2023-05-24,2023-05-24
91,13,천하무족,서울 동작구 동작대로7길 74 1층 (우)07025,02-595-3308,월~금 14:00 ~ 23:00,3,0,2023-05-24,2023-05-24
92,8,통영해물보쌈,서울 서초구 방배천로4길 26 (우)06693,02-8270-5316,매일 11:00 ~ 24:00,2,0,2023-05-24,2023-05-24
93,3,돈키,서울 서초구 방배천로18길 10 (우)06677,02-599-2747,매일 11:30 ~ 20:30,4,0,2023-05-24,2023-05-24
94,12,카페오쎄,"서울 서초구 방배천로4안길 32 1,2층 (우)06691",02-1281-6214,매일 10:00 ~ 23:00,5,0,2023-05-24,2023-05-24
95,2,쇼보 이수점,서울 동작구 동작대로25길 32 2층 (우)07008,02-1707-5651,hi,4,0,2023-05-24,2023-05-24
96,15,땡초우동인포차 이수본점,서울 동작구 동작대로27다길 37 (우)07008,02-3873-4916,월~금 18:00 ~ 04:00,1,0,2023-05-24,2023-05-24
97,4,요코쵸,서울 동작구 사당로30길 100 (우)07015,02-523-8222,월~목 17:00 ~ 24:00,4,0,2023-05-24,2023-05-24
98,12,군산 은모래해물탕아구찜 본점,서울 서초구 방배천로4길 8 (우)06693,02-5310-4237,매일 11:00 ~ 24:00,3,0,2023-05-24,2023-05-24
99,5,언니가 숨겨놓은 과자상자,서울 서초구 방배천로8길 36 1층 (우)06691,02-8414-9119,매일 11:00 ~ 20:00,4,0,2023-05-24,2023-05-24
100,8,호시라멘,서울 서초구 방배천로2안길 39 1층 (우)06692,02-8857-4863,"화~금 11:30 ~ 20:30
화,수,목,금,일 휴게시간 15:00 ~ 17:00",4,0,2023-05-24,2023-05-24
101,1,루키더셰프,서울 서초구 방배천로16길 18 (우)06677,02-6761-9370,화요일,5,0,2023-05-24,2023-05-24
102,2,영풍치킨 사당본점,서울 동작구 동작대로27가길 6 (우)07008,02-534-2009,매일 13:00 ~ 24:00,2,0,2023-05-24,2023-05-24
103,7,통영바다풍경 방배1호점,서울 서초구 방배천로4안길 55 1층 (우)06677,02-7835-8136,매일 11:30 ~ 22:00,1,0,2023-05-24,2023-05-24
104,10,송이하랑,서울 서초구 서초대로 21 (우)06569,02-6967-9290,매일 11:00 ~ 22:00,4,0,2023-05-24,2023-05-24
105,20,맛찬들왕소금구이 이수점,서울 동작구 동작대로27길 16-4 1층 (우)07008,02-1022-8548,화~토 11:30 ~ 22:00,3,0,2023-05-24,2023-05-24
106,16,무삥과팟타이,서울 동작구 동작대로27다길 20 2층 (우)07008,02-887-9595,화~일 11:00 ~ 22:00,4,0,2023-05-24,2023-05-24
107,2,호시,서울 서초구 서초대로1길 19-6 1층 (우)06567,02-534-9716,"월~토 11:30 ~ 21:30
월~토 휴게시간 15:00 ~ 17:00",2,0,2023-05-24,2023-05-24
108,13,스시코에,서울 서초구 서초대로 17 (우)06569,02-6619-5630,월~토 18:00 ~ 22:00,1,0,2023-05-24,2023-05-24
109,15,오늘와인한잔 이수점,서울 동작구 동작대로27다길 29 서광시티뷰 1층 101호 (우)07008,02-9252-4748,월~목 16:00 ~ 02:00,3,0,2023-05-24,2023-05-24
110,18,스시세이,서울 동작구 동작대로13길 10 A동 1층 (우)07014,02-525-2466,"월~금 11:00 ~ 21:00
월~토 휴게시간 14:30 ~ 17:00",4,0,2023-05-24,2023-05-24
111,10,정원조닭한마리 본점,서울 동작구 동작대로27다길 11 (우)07008,02-3478-2480,매일 11:00 ~ 03:00,2,0,2023-05-24,2023-05-24
112,11,24시비사벌 전주콩나물국밥,서울 서초구 동광로10길 2 (우)06565,02-533-5085,매일 07:00 ~ 22:00,4,0,2023-05-24,2023-05-24
113,15,팔각도 이수역점,서울 동작구 동작대로27다길 12 1층 (우)07008,02-2629-2168,"월,화,수,목,일 12:00 ~ 22:00",5,0,2023-05-24,2023-05-24
114,5,카페페라 유니크점,서울 서초구 방배천로 11 1층 (우)06693,02-522-2582,월~토 08:30 ~ 22:00,4,0,2023-05-24,2023-05-24
115,20,서호김밥 본점,서울 서초구 방배중앙로 141-1 (우)06560,02-594-4434,"화~일 10:00 ~ 20:00
화~일 휴게시간 14:00 ~ 16:30",5,0,2023-05-24,2023-05-24
116,6,도쿄하나 사당점,서울 서초구 방배천로 11 파스텔 시티 3층 (우)06693,02-5461-1182,매일 11:00 ~ 22:00,1,0,2023-05-24,2023-05-24
117,6,곽반장,서울 동작구 동작대로27가길 45 (우)07008,02-535-0257,매일 11:00 ~ 22:00,4,0,2023-05-24,2023-05-24
118,3,소라노호시,서울 동작구 동작대로27길 16-5 1층 (우)07008,02-5095-3707,월~금 17:00 ~ 23:50,4,0,2023-05-24,2023-05-24
119,7,깔리 사당점,서울 서초구 방배천로 21 동화빌딩 4층 (우)06692,02-3458-6082,매일 11:30 ~ 22:00,2,0,2023-05-24,2023-05-24
120,12,외양간,서울 동작구 동작대로11길 16 1층 (우)07014,02-598-8222,월~토 15:00 ~ 24:00,5,0,2023-05-24,2023-05-24
121,17,여정막걸리,서울 동작구 동작대로3길 10 (우)07015,02-585-0515,매일 16:00 ~ 24:00,3,0,2023-05-24,2023-05-24
122,20,복돈이부추삼겹살 사당본점,서울 관악구 남현1길 68-14 남현빌딩 1층 (우)08807,02-582-5124,매일 12:00 ~ 23:00,1,0,2023-05-24,2023-05-24
123,2,스타벅스 이수자이점,서울 동작구 사당로 300 (우)07013,02-6612-1761,화~금 07:00 ~ 22:00,1,0,2023-05-24,2023-05-24
124,3,로코민트,서울 서초구 방배천로2안길 48 1층 (우)06692,02-5683-7451,"월~토 11:30 ~ 21:00
월~금 휴게시간 14:30 ~ 17:00",5,0,2023-05-24,2023-05-24
125,6,황토가마솥설렁탕,서울 동작구 동작대로29가길 8 (우)06997,02-1457-1265,hi,1,0,2023-05-24,2023-05-24
126,16,작은피자집,서울 동작구 사당로30길 96 (우)07015,02-597-1987,월~금 17:00 ~ 24:00,3,0,2023-05-24,2023-05-24
127,1,차이797 블랙 서래마을점,"서울 서초구 동광로 78 방배빌딩 1,2층 (우)06585",02-6500-3134,"월~금 11:30 ~ 22:00
월~금 휴게시간 15:00 ~ 17:30",2,0,2023-05-24,2023-05-24
128,5,산쪼메 이수점,서울 동작구 사당로 300 이수자이 지하2층 B202호 (우)07013,02-5911-9993,매일 11:30 ~ 21:00,4,0,2023-05-24,2023-05-24
129,1,선화의고기 방배본점,서울 서초구 서초대로24길 9 1층 (우)06672,02-3486-5505,"매일 10:30 ~ 22:30
월~토 휴게시간 15:00 ~ 17:00",3,0,2023-05-24,2023-05-24
130,7,영일만,서울 동작구 남부순환로271길 27 (우)07025,02-522-4080,매일 12:00 ~ 22:00,4,0,2023-05-24,2023-05-24
131,14,참숯고깃골,서울 서초구 방배천로8길 5 (우)06677,02-598-2958,매일 10:00 ~ 22:00,5,0,2023-05-24,2023-05-24
132,14,박은자맛사랑,서울 서초구 방배천로2안길 7 2층 (우)06693,02-525-8588,매일 10:30 ~ 22:00,1,0,2023-05-24,2023-05-24
133,18,명동칼국수,서울 서초구 방배천로 12 (우)06693,02-582-8789,매일 11:30 ~ 23:30,4,0,2023-05-24,2023-05-24
134,18,사당양꼬치,서울 동작구 사당로30길 163 (우)07025,02-588-8188,매일 12:00 ~ 01:00,1,0,2023-05-24,2023-05-24
135,20,거북이,서울 서초구 방배천로4안길 48 1층 (우)06691,02-6248-8950,매일 12:00 ~ 22:00,3,0,2023-05-24,2023-05-24
136,16,럭키갈비찜,서울 동작구 사당로29길 2 1층 (우)07008,02-7959-0111,매일 12:00 ~ 23:00,1,0,2023-05-24,2023-05-24
137,2,리프레셔스,서울 서초구 청두곶6길 8 1층 (우)06690,02-2823-3951,화~일 10:00 ~ 21:00,4,0,2023-05-24,2023-05-24
138,14,미스피츠,서울 동작구 동작대로3길 30 1층 (우)07015,02-7663-4412,"월~금 11:30 ~ 22:00
월~금 휴게시간 14:00 ~ 17:00",4,0,2023-05-24,2023-05-24
139,14,스타벅스 사당역점,서울 동작구 동작대로 21 양지빌딩 1~3층 (우)07015,02-3766-7755,화~금 07:00 ~ 23:00,2,0,2023-05-24,2023-05-24
140,16,경성상회 방배점,서울 서초구 방배천로 12-3 (우)06693,02-8715-0976,매일 16:30 ~ 04:30,1,0,2023-05-24,2023-05-24
141,3,지금보고싶다 이수점,서울 동작구 동작대로27가길 26 (우)07008,02-7141-1937,매일 17:00 ~ 07:00,3,0,2023-05-24,2023-05-24
142,13,바르미샤브샤브n칼국수 사당점,서울 서초구 방배천로 11 파스텔씨티 2층 202-2호 (우)06693,02-597-1155,매일 11:00 ~ 22:00,1,0,2023-05-24,2023-05-24
143,1,모녀당,서울 서초구 방배천로2안길 110 102호 (우)06677,02-6160-9402,"월,화,일요일",1,0,2023-05-24,2023-05-24
144,17,흑산도홍탁,서울 서초구 방배천로 44 (우)06691,02-523-9915,매일 16:00 ~ 02:00,1,0,2023-05-24,2023-05-24
145,17,메종엠오 방배본점,서울 서초구 방배로26길 22 1층 (우)06588,02-3659-4323,"월,화,수요일",2,0,2023-05-24,2023-05-24
146,12,미스사이공 이수점,서울 서초구 동작대로 108 디오슈페리움2 1층 102호 (우)06568,02-7531-1201,매일 11:00 ~ 22:00,1,0,2023-05-24,2023-05-24
147,3,고반식당 이수역점,서울 동작구 동작대로27가길 15 1층 (우)07008,02-6951-3662,매일 16:00 ~ 23:00,4,0,2023-05-24,2023-05-24
148,3,홍두깨손칼국수,서울 동작구 동작대로29나길 10 (우)06997,02-4888-4766,매일 11:00 ~ 20:00 (수제비는 15시~17시 사이에만 주문 가능),5,0,2023-05-24,2023-05-24
149,20,바른황소곱창,서울 동작구 동작대로7길 4 (우)07015,010-5050-8684,화요일,2,0,2023-05-24,2023-05-24
150,11,아구랜드 방배점,서울 서초구 서초대로 68 (우)06673,02-597-1959,매일 11:00 ~ 23:00,2,0,2023-05-24,2023-05-24
151,16,미사키혼술 이수본점,서울 동작구 동작대로25길 24 1층 (우)07008,02-535-2786,월~토 16:00 ~ 02:00,3,0,2023-05-24,2023-05-24
152,9,계림닭한마리,서울 동작구 사당로30길 103 (우)07015,02-3486-7766,매일 10:00 ~ 22:00,4,0,2023-05-24,2023-05-24
153,3,릿 잇 타미,서울 서초구 방배천로2안길 31 1층 (우)06692,02-1408-4976,"월~토 11:30 ~ 22:00
월~금 휴게시간 15:00 ~ 17:00",3,0,2023-05-24,2023-05-24
154,8,권참치 사당점,서울 동작구 사당로30길 142 2층 (우)07015,02-597-7080,월~토 16:00 ~ 01:00,4,0,2023-05-24,2023-05-24
155,16,육갑식당 방배본점,서울 서초구 방배중앙로 166 1층 (우)06557,02-2595-7276,월~금 15:00 ~ 24:00,5,0,2023-05-24,2023-05-24
156,12,미구,서울 서초구 방배천로4길 15-3 (우)06692,02-4246-9452,월~토 18:00 ~ 03:00,2,0,2023-05-24,2023-05-24
157,4,할리스 이수역점,서울 동작구 동작대로 83 헤라피스빌딩 1층 (우)07013,02-3963-6506,월~금 08:00 ~ 02:00,4,0,2023-05-24,2023-05-24
158,19,책그리고,서울 서초구 방배천로 132 (우)06569,02-4922-4015,월~금 09:00 ~ 21:00,1,0,2023-05-24,2023-05-24
159,8,기꾸참치,서울 동작구 남부순환로271길 14 2층 (우)07025,02-3486-3737,매일 14:00 ~ 22:30,1,0,2023-05-24,2023-05-24
160,2,이수산더미,서울 동작구 사당로 307-12 1층 (우)07008,02-536-4788,월~토 11:30 ~ 23:00,1,0,2023-05-24,2023-05-24
161,4,정애맛담,서울 동작구 동작대로29나길 10 1층 (우)06997,02-0002-4158,매일 06:00 ~ 19:30 (또는 20:00),1,0,2023-05-24,2023-05-24
162,10,원조추어탕,서울 동작구 동작대로33가길 4 (우)06996,02-537-9944,매일 09:30 ~ 21:30,5,0,2023-05-24,2023-05-24
163,14,맛집부추곱창 사당점,서울 서초구 방배천로2길 37 (우)06693,02-583-4993,매일 14:00 ~ 23:00,4,0,2023-05-24,2023-05-24
164,16,샘골참숯불막창구이,서울 서초구 방배천로16길 21 (우)06677,02-581-5592,월~토 15:00 ~ 01:00,5,0,2023-05-24,2023-05-24
165,3,고흥이모네전집,서울 동작구 동작대로7길 24 (우)07015,010-2330-5486,매일 00:00 ~ 24:00,3,0,2023-05-24,2023-05-24
166,9,솔라스,서울 서초구 방배천로18길 26 (우)06677,070-8809-7711,화요일,1,0,2023-05-24,2023-05-24
167,7,방배반점,서울 서초구 방배천로16길 4 1층 (우)06677,070-4007-1893,"월~토 11:00 ~ 21:00
월~토 휴게시간 15:00 ~ 17:00",5,0,2023-05-24,2023-05-24
168,16,페이브 방배점,서울 서초구 서초대로25길 32 엠아이빌딩 1층 (우)06586,02-5700-3188,매일 09:00 ~ 22:00,2,0,2023-05-24,2023-05-24
169,6,72420 사당본점,서울 동작구 동작대로1길 50 1층 (우)07025,02-588-2420,매일 11:30 ~ 22:00,1,0,2023-05-24,2023-05-24
170,19,카페좋아진다,서울 동작구 사당로26길 87 1층 (우)07015,02-4449-1505,월~토 10:00 ~ 21:00,4,0,2023-05-24,2023-05-24
171,12,버거307 이수점,서울 서초구 방배천로18길 16 (우)06677,02-3603-1958,매일 11:00 ~ 24:00,1,0,2023-05-24,2023-05-24
172,12,동명 IZAKAYA,서울 관악구 남현1길 42 남현빌딩 4층 (우)08806,02-8434-6770,월~목 16:00 ~ 24:00,1,0,2023-05-24,2023-05-24
173,7,설빙 이수역점,서울 동작구 동작대로27가길 12 2층 (우)07008,02-0923-0547,매일 11:00 ~ 23:00,5,0,2023-05-24,2023-05-24
174,6,바이젠하우스 서울 방배1호점,서울 서초구 동작대로 22 (우)06692,02-588-7782,매일 16:00 ~ 02:00,4,0,2023-05-24,2023-05-24
175,15,100족발,서울 동작구 사당로30길 154 (우)07025,02-7931-2843,화~일 12:00 ~ 24:00,1,0,2023-05-24,2023-05-24
176,7,7%칠백식당 방배직영점,서울 서초구 방배로27길 12 (우)06572,02-4055-7950,월~토 17:00 ~ 23:00,4,0,2023-05-24,2023-05-24
177,18,군선생 이수역9번출구점,서울 동작구 동작대로23길 17 (우)07013,02-8091-4103,매일 17:00 ~ 05:00,2,0,2023-05-24,2023-05-24
178,1,떡마당떡집,서울 서초구 방배로23길 22 (우)06672,02-523-0260,매일 09:00 ~ 19:00,3,0,2023-05-24,2023-05-24
179,10,엔터하츠,서울 서초구 동광로 11 빈센트빌딩 1층 (우)06560,02-5451-2480,매일 08:00 ~ 22:00,5,0,2023-05-24,2023-05-24
180,19,남산터 이수점,서울 서초구 동작대로 68 1층 (우)06677,02-2069-0421,매일 00:00 ~ 24:00,1,0,2023-05-24,2023-05-24
181,15,은연가 사당2호점,서울 동작구 동작대로23길 31 1층 (우)07013,070-4224-2243,매일 11:00 ~ 24:00,1,0,2023-05-24,2023-05-24
182,6,북경양꼬치,서울 동작구 동작대로27길 32 1층 (우)07008,02-591-7082,매일 10:00 ~ 24:00,1,0,2023-05-24,2023-05-24
183,4,맛집곱창구이,서울 서초구 방배천로2안길 23 1층 (우)06692,02-7498-0311,월~토 14:00 ~ 24:00,1,0,2023-05-24,2023-05-24
184,6,탐나종합어시장 이수역점,서울 동작구 동작대로 141 1층 (우)06997,02-4030-5254,매일 11:00 ~ 03:00,2,0,2023-05-24,2023-05-24
185,15,너땜에한잔,서울 서초구 방배천로2안길 23 (우)06692,02-588-4045,매일 17:00 ~ 02:00,4,0,2023-05-24,2023-05-24
186,5,방배한가람김밥,서울 동작구 동작대로7길 55 (우)07025,02-585-7280,월~금 06:00 ~ 20:00,5,0,2023-05-24,2023-05-24
187,6,일상다반사,서울 동작구 동작대로25길 60-1 (우)07008,02-4705-7827,매일 11:00 ~ 22:30,4,0,2023-05-24,2023-05-24
188,7,참치마니아,서울 동작구 동작대로7길 12 2층 (우)07015,02-582-3737,매일 16:00 ~ 23:00,2,0,2023-05-24,2023-05-24
189,12,신용산감자탕,서울 동작구 동작대로23길 17 2층 (우)07013,010-2117-4100,"월~토 11:30 ~ 22:00
월~토 휴게시간 15:00 ~ 17:00",1,0,2023-05-24,2023-05-24
190,7,일미옥,서울 서초구 서초대로19길 10-21 (우)06573,02-533-7199,"월~토 11:00 ~ 21:40
월~토 휴게시간 15:00 ~ 17:00",3,0,2023-05-24,2023-05-24
191,11,이수족발,서울 서초구 방배천로4길 42 (우)06693,02-534-0303,매일 12:00 ~ 23:00,3,0,2023-05-24,2023-05-24
192,1,심비디움2 사당점,서울 서초구 방배천로 11 5층 (우)06693,02-521-3901,"매일 11:30 ~ 22:00
월~금 휴게시간 15:30 ~ 17:30",5,0,2023-05-24,2023-05-24
193,7,하노이별 사당점,서울 동작구 사당로30길 97 1층 (우)07015,02-6881-6201,매일 11:00 ~ 21:00,1,0,2023-05-24,2023-05-24
194,14,원양참치,서울 서초구 방배천로 60 (우)06677,02-4643-9741,hi,3,0,2023-05-24,2023-05-24
195,3,KFC 이수역점,서울 서초구 동작대로 114 유문빌딩 1층 (우)06568,02-1909-2124,매일 10:00 ~ 23:00,5,0,2023-05-24,2023-05-24
196,4,돼지굴뚝,서울 동작구 동작대로25길 51 (우)07008,02-3045-7020,hi,2,0,2023-05-24,2023-05-24
197,6,상도늘보리 이수점,서울 동작구 동작대로31길 3 (우)06997,02-1618-4579,hi,3,0,2023-05-24,2023-05-24
198,15,헝그리곰바,서울 서초구 방배천로4안길 61 1층 101호 (우)06677,02-6397-5959,"매일 11:30 ~ 22:00
월~금 휴게시간 15:30 ~ 17:30",3,0,2023-05-24,2023-05-24
199,17,마포집,서울 동작구 동작대로27길 6 (우)07008,02-591-9247,매일 00:00 ~ 24:00,4,0,2023-05-24,2023-05-24
200,12,소문난순대국,서울 동작구 동작대로29나길 38 (우)06997,02-8644-5530,일요일,5,0,2023-05-24,2023-05-24
201,11,문어가,서울 동작구 동작대로27가길 46-5 (우)07008,02-1020-6873,월~토 07:00 ~ 21:00,1,0,2023-05-24,2023-05-24
202,5,미국식,서울 서초구 동광로24길 50 지니빌 1층 (우)06586,02-6984-3387,"월~토 11:30 ~ 21:00
월~토 휴게시간 15:00 ~ 17:30",3,0,2023-05-24,2023-05-24
203,19,빈빈양꼬치,서울 동작구 남부순환로271길 31 (우)07025,02-0535-5294,매일 14:00 ~ 02:00,5,0,2023-05-24,2023-05-24
204,5,종로곱창,서울 동작구 동작대로29길 13 (우)07008,02-533-0869,일요일,4,0,2023-05-24,2023-05-24
205,12,진코다리와황태,서울 동작구 동작대로29가길 23-2 (우)06997,02-3362-9982,hi,3,0,2023-05-24,2023-05-24
206,5,행복한맥주,서울 동작구 동작대로27길 49 (우)07008,02-6205-1443,매일 17:00 ~ 01:00,3,0,2023-05-24,2023-05-24
207,2,버거킹 사당역점,"서울 동작구 동작대로 21 양지빌딩 1,2층 (우)07015",02-4660-7216,매일 00:00 ~ 24:00,5,0,2023-05-24,2023-05-24
208,3,당산오돌 사당점,서울 서초구 방배천로4길 18 (우)06693,02-583-8250,화~목 15:00 ~ 01:00,1,0,2023-05-24,2023-05-24
209,10,뚜레쥬르 사당시티점,서울 동작구 동작대로 79-1 시티빌딩 1층 (우)07013,02-583-2688,hi,2,0,2023-05-24,2023-05-24
210,11,포차노리,"서울 동작구 동작대로27다길 18 1, 2층 (우)07008",02-534-6597,매일 17:00 ~ 06:00,1,0,2023-05-24,2023-05-24
211,6,일미가참치,서울 동작구 동작대로25길 16 3층 (우)07008,02-593-3788,매일 15:00 ~ 01:00,3,0,2023-05-24,2023-05-24
212,8,용차이,서울 동작구 사당로30길 56 1층 (우)07014,02-587-3986,"월~금 11:00 ~ 22:00
월~금 휴게시간 15:00 ~ 17:00",1,0,2023-05-24,2023-05-24
213,12,성민양꼬치,서울 서초구 방배천로2길 27 (우)06693,02-583-8859,매일 17:00 ~ 05:00,3,0,2023-05-24,2023-05-24
214,15,유정오리닭한방백숙,서울 서초구 방배중앙로 87 1층 (우)06570,02-591-4796,일요일,1,0,2023-05-24,2023-05-24
215,12,쩡곱도리탕,서울 동작구 사당로30길 140 (우)07015,02-523-5989,"매일 11:30 ~ 22:30
매일 휴게시간 14:30 ~ 17:30",1,0,2023-05-24,2023-05-24
216,3,롯데리아 이수역점,서울 동작구 동작대로 129 (우)06997,02-3048-5906,매일 00:00 ~ 24:00,5,0,2023-05-24,2023-05-24
217,2,품앗이,서울 동작구 동작대로27다길 41 (우)07008,02-582-8487,매일 00:00 ~ 24:00,1,0,2023-05-24,2023-05-24
218,19,이수면옥,서울 동작구 동작대로 123 (우)07008,02-4499-6946,매일 10:00 ~ 22:00,2,0,2023-05-24,2023-05-24
219,12,백호양대창 이수점,서울 동작구 동작대로25길 30 1층 (우)07008,02-5630-6562,hi,3,0,2023-05-24,2023-05-24
220,16,바다회세꼬시,서울 동작구 동작대로1길 10-16 (우)07025,02-588-1650,매일 11:30 ~ 23:00,1,0,2023-05-24,2023-05-24
221,2,베이크샵 피봇,서울 서초구 방배로23길 5 1층 (우)06672,02-4439-8393,화~일 08:00 ~ 18:00,5,0,2023-05-24,2023-05-24
222,11,고추찜닭 본점,서울 동작구 동작대로27가길 14 (우)07008,02-592-1125,매일 11:00 ~ 24:00,2,0,2023-05-24,2023-05-24
223,1,하늘을걷는고양이카페,서울 동작구 동작대로27길 15 서범빌딩 4층 (우)07008,02-533-7647,매일 13:30 ~ 20:30,2,0,2023-05-24,2023-05-24
224,6,땡초우동 사당직영2호점,서울 동작구 사당로 280 (우)07013,02-583-0907,hi,4,0,2023-05-24,2023-05-24
225,13,태평아구찜,서울 동작구 사당로 307-14 1층 (우)07008,02-3482-8588,월~토 12:00 ~ 22:00,2,0,2023-05-24,2023-05-24
226,5,곱분이곱창 이수점,서울 동작구 동작대로25길 37 (우)07008,02-8078-5793,매일 16:00 ~ 02:00,5,0,2023-05-24,2023-05-24
227,5,피쉬퓨전회포차 사당점,서울 동작구 동작대로7길 7 (우)07015,02-6085-2898,매일 16:00 ~ 02:30,2,0,2023-05-24,2023-05-24
228,9,남오토코 방배점,서울 서초구 방배천로 22 (우)06692,02-5639-4391,매일 17:00 ~ 02:00,3,0,2023-05-24,2023-05-24
229,13,이태리상회,서울 동작구 사당로 245 1층 (우)07005,02-536-2221,"매일 11:30 ~ 22:00
월~금 휴게시간 16:00 ~ 17:00",4,0,2023-05-24,2023-05-24
230,16,투썸플레이스 방배이수점,"서울 서초구 서초대로1길 11 1, 2층 (우)06567",070-4099-0780,매일 08:00 ~ 22:00,5,0,2023-05-24,2023-05-24
231,1,고베그릴,서울 관악구 남부순환로 2082-25 5층 (우)08806,02-5125-7658,매일 11:30 ~ 23:40,1,0,2023-05-24,2023-05-24
232,1,남희회포장마차,서울 동작구 동작대로27가길 15 1층 (우)07008,02-2077-0955,hi,3,0,2023-05-24,2023-05-24
233,12,메가MGC커피 이수태평점,서울 동작구 동작대로27길 20 1층 (우)07008,02-1556-2097,월~토 08:00 ~ 24:00,4,0,2023-05-24,2023-05-24
234,18,힘찬정육식당 사당역직영점,서울 관악구 남현1길 58 (우)08806,02-521-6366,매일 11:00 ~ 01:00,1,0,2023-05-24,2023-05-24
235,13,미분당 이수점,서울 서초구 서초대로 13 마에스트로 1동 107호 (우)06569,02-4505-7952,"매일 11:00 ~ 21:00
매일 휴게시간 15:00 ~ 17:00",4,0,2023-05-24,2023-05-24
236,3,전원일기,서울 동작구 동작대로25길 32 1층 (우)07008,02-535-5937,매일 11:00 ~ 01:00,2,0,2023-05-24,2023-05-24
237,7,동래모듬전,서울 동작구 동작대로7길 20 동래파전 (우)07015,02-583-2022,매일 13:00 ~ 02:00,5,0,2023-05-24,2023-05-24
238,10,등촌샤브칼국수 이수점,서울 동작구 사당로 286 2층 (우)07013,02-3570-3191,매일 10:30 ~ 22:00,1,0,2023-05-24,2023-05-24
239,13,키세츠스시,서울 서초구 방배천로4안길 18 1층 (우)06692,02-4649-6209,"매일 12:00 ~ 21:30
매일 휴게시간 14:00 ~ 18:00",4,0,2023-05-24,2023-05-24
240,19,충청삼겹 이수점,서울 동작구 동작대로27다길 15 1층 (우)07008,02-533-8810,매일 11:00 ~ 01:00,5,0,2023-05-24,2023-05-24
241,14,미테이,서울 서초구 방배중앙로 140 (우)06561,02-532-1376,월~토 18:30 ~ 01:00,5,0,2023-05-24,2023-05-24
242,6,올웨이즈온,서울 서초구 방배천로2안길 45 1층 (우)06692,02-7145-2936,"월,화,수,목,일 11:00 ~ 21:00",3,0,2023-05-24,2023-05-24
243,18,떡붕 이수점,서울 동작구 동작대로29길 57 (우)07008,02-534-7427,hi,4,0,2023-05-24,2023-05-24
244,11,동대문엽기떡볶이 이수역점,서울 동작구 사당로 300 125호 (우)07013,02-6298-7104,매일 11:00 ~ 23:50,2,0,2023-05-24,2023-05-24
245,11,유미카츠 이수방배점,서울 동작구 동작대로27길 18 2층 (우)07008,02-0210-0306,매일 11:00 ~ 22:00,4,0,2023-05-24,2023-05-24
246,11,속초오징어어시장 사당점,"서울 관악구 남현1길 47 1,2층 (우)08806",02-586-1410,매일 11:30 ~ 17:30,1,0,2023-05-24,2023-05-24
247,10,세시파스타,서울 서초구 효령로 23 (우)06694,02-8416-3967,"화~일 11:30 ~ 21:00
화~금 휴게시간 15:00 ~ 17:30",1,0,2023-05-24,2023-05-24
248,15,무안수산,서울 동작구 동작대로7길 62-1 (우)07025,02-586-0822,화~금 17:00 ~ 22:00,4,0,2023-05-24,2023-05-24
249,4,얌리마카롱,서울 서초구 도구로 114 (우)06570,02-4828-9313,"월,화요일",5,0,2023-05-24,2023-05-24
250,15,샌드리아 이수역점,서울 서초구 동광로12가길 34 (우)06567,02-9974-2175,월~목 09:00 ~ 22:30,1,0,2023-05-24,2023-05-24
251,3,홍콩반점0410 이수역점,서울 동작구 동작대로27가길 38 1층 (우)07008,02-4035-3774,"매일 11:00 ~ 21:20
매일 휴게시간 15:00 ~ 15:30",1,0,2023-05-24,2023-05-24
252,19,우리집한우정육식당,서울 동작구 동작대로29가길 9 (우)06997,02-4196-7197,hi,3,0,2023-05-24,2023-05-24
253,20,토모야,서울 서초구 방배천로 17 2층 (우)06693,02-3443-8850,매일 17:00 ~ 02:00,3,0,2023-05-24,2023-05-24
254,17,전주남부시장콩나물국밥,서울 서초구 방배천로16길 3 1층 (우)06677,02-582-2527,hi,4,0,2023-05-24,2023-05-24
255,7,남오토코 이수역점,서울 동작구 동작대로27다길 42 1층 (우)07008,02-6703-3715,월~금 18:00 ~ 03:00,4,0,2023-05-24,2023-05-24
256,1,달콤커피 이수역점,서울 동작구 동작대로 101 1층 (우)07008,02-1912-7174,hi,4,0,2023-05-24,2023-05-24
257,19,까르니브라질그릴,서울 서초구 방배로 83-9 동화빌딩 5층 (우)06686,02-598-5066,월~금 11:30 ~ 22:00,2,0,2023-05-24,2023-05-24
258,3,황제소고기국밥,서울 동작구 동작대로29길 11 (우)07008,02-594-9200,"첫째,셋째 일요일",1,0,2023-05-24,2023-05-24
259,6,대신수산,서울 동작구 동작대로7길 43 1층 (우)07015,02-587-0822,매일 17:00 ~ 24:00,1,0,2023-05-24,2023-05-24
260,16,이수짜장,서울 동작구 동작대로29가길 7 (우)06997,02-0481-8065,hi,5,0,2023-05-24,2023-05-24
261,19,더풍년 이수점,서울 동작구 동작대로25길 50 1층 (우)07008,02-7648-1965,월~토 17:00 ~ 22:00,4,0,2023-05-24,2023-05-24
262,15,오리촌,서울 동작구 동작대로31길 13 1층 (우)06997,02-532-3512,"매일 11:00 ~ 22:00
매일 휴게시간 15:00 ~ 16:00",3,0,2023-05-24,2023-05-24
263,4,조가네족발왕,서울 동작구 동작대로23길 21 대원빌딩 1층 (우)07013,02-522-2777,매일 16:00 ~ 24:00,1,0,2023-05-24,2023-05-24
264,19,이수정육식당,서울 동작구 동작대로27다길 5 (우)07008,02-2636-3681,hi,4,0,2023-05-24,2023-05-24
265,17,이수가,서울 동작구 동작대로27나길 6 2층 (우)07008,02-0774-3916,hi,2,0,2023-05-24,2023-05-24
266,11,스타벅스 방배카페거리점,서울 서초구 방배중앙로 162 (우)06557,02-1727-6714,월~토 08:00 ~ 22:00,2,0,2023-05-24,2023-05-24
267,2,공평동 꼼장어 이수점,서울 동작구 동작대로27가길 6-3 (우)07008,02-4246-3288,hi,4,0,2023-05-24,2023-05-24
268,5,강원도감자탕쌈밥,서울 동작구 사당로30길 108 (우)07015,02-587-7215,매일 00:00 ~ 24:00,3,0,2023-05-24,2023-05-24
269,6,백미당 서송타워점,서울 동작구 동작대로 137 (우)06997,02-6239-5275,"매일 11:30 ~ 20:30
매일 휴게시간 16:00 ~ 17:00",4,0,2023-05-24,2023-05-24
270,8,어울림정육식당,서울 서초구 방배천로2길 25 상원빌딩 1층 (우)06693,02-8260-1842,매일 11:00 ~ 22:20,4,0,2023-05-24,2023-05-24
271,13,취향마라 이수역점,서울 서초구 동작대로 108 디오슈페리움2 1층 105호 (우)06568,02-1113-7461,매일 10:00 ~ 01:00,2,0,2023-05-24,2023-05-24
272,19,족발의발견,서울 동작구 동작대로1길 32 1층 (우)07025,02-873-5577,매일 14:00 ~ 01:00,2,0,2023-05-24,2023-05-24
273,20,제주어항1950,서울 서초구 방배로 189 1층 (우)06572,02-9496-2902,hi,4,0,2023-05-24,2023-05-24
274,20,분코,서울 서초구 방배천로4안길 26 (우)06692,02-0235-3910,월~금 18:00 ~ 01:00,2,0,2023-05-24,2023-05-24
275,2,꿈꾸는다락방,서울 서초구 청두곶길 12 두원아파트상가 1층 (우)06690,010-8999-7996,매일 11:00 ~ 22:00,2,0,2023-05-24,2023-05-24
276,20,사당광안리,서울 동작구 동작대로7길 5 1층 (우)07015,02-8858-5250,월~토 16:30 ~ 23:00,4,0,2023-05-24,2023-05-24
277,6,홍천숯불닭갈비,서울 동작구 동작대로27가길 41 1층 (우)07008,0507-1338-5095,월~토 15:00 ~ 24:00,3,0,2023-05-24,2023-05-24
278,1,뽕잎사랑 이수점,서울 동작구 동작대로27가길 22 (우)07008,02-4788-1917,매일 11:00 ~ 22:30,5,0,2023-05-24,2023-05-24
279,8,BHC치킨 이수점,"서울 서초구 서초대로 3-4 디오슈페리움1차 104,104-1호 (우)06568",02-8079-3439,매일 12:00 ~ 24:00,2,0,2023-05-24,2023-05-24
280,4,아는포차,서울 동작구 동작대로7길 11 (우)07015,02-581-8897,매일 17:00 ~ 04:00,2,0,2023-05-24,2023-05-24
281,13,택이네조개전골 사당점,서울 동작구 사당로17가길 13 2층 (우)07004,02-6402-4147,hi,2,0,2023-05-24,2023-05-24
282,14,양계장집아들 방배본점,서울 서초구 방배천로16길 1 (우)06677,02-4437-2135,매일 14:00 ~ 02:00,3,0,2023-05-24,2023-05-24
283,1,논고을 사당점,서울 동작구 남부순환로269길 12 (우)07025,02-525-9203,매일 11:00 ~ 01:00,2,0,2023-05-24,2023-05-24
284,14,맘스터치 이수점,서울 동작구 동작대로27길 15 서범빌딩 2층 (우)07008,02-533-6912,hi,5,0,2023-05-24,2023-05-24
285,10,이디야커피 총신대입구역점,서울 동작구 동작대로 119-1 2층 (우)07008,02-6655-3410,월~금 09:00 ~ 23:00,2,0,2023-05-24,2023-05-24
286,12,꿈꾸는포장마차,서울 동작구 동작대로7길 35 1층 (우)07015,02-523-1020,월~목 16:00 ~ 23:30,2,0,2023-05-24,2023-05-24
287,6,엘리씨 커피,서울 서초구 동광로12가길 3 1층 (우)06568,02-1822-1653,월~금 08:00 ~ 23:00,4,0,2023-05-24,2023-05-24
288,20,김채원24시감자탕 사당본점,서울 동작구 동작대로3길 14 (우)07015,02-585-1332,매일 00:00 ~ 24:00,5,0,2023-05-24,2023-05-24
289,8,힘쎈대머리고창풍천장어,서울 동작구 동작대로25길 34 (우)07008,02-9067-3041,hi,5,0,2023-05-24,2023-05-24
290,1,새퍼커피,서울 서초구 서초대로4길 17 1층 (우)06675,02-3856-7152,월~금 08:00 ~ 21:00,3,0,2023-05-24,2023-05-24
291,19,사당김밥 이수점,서울 동작구 동작대로25길 40 (우)07008,02-2289-6337,hi,2,0,2023-05-24,2023-05-24
292,5,빽다방 총신대입구역점,서울 서초구 동작대로 128 1층 (우)06567,02-7457-9705,월~금 07:00 ~ 23:00,2,0,2023-05-24,2023-05-24
293,10,탕마루,서울 동작구 동작대로29가길 10 (우)06997,02-7635-2359,hi,5,0,2023-05-24,2023-05-24
294,13,파리바게뜨 이수태평점,"서울 동작구 동작대로27가길 6 백경빌딩 1층 101,102호 (우)07008",02-3015-6433,매일 07:00 ~ 23:00,5,0,2023-05-24,2023-05-24
295,8,비엔나커피하우스 방배점,서울 서초구 방배로 126 석하빌딩 (우)06664,02-6919-8311,월~금 08:30 ~ 23:00,2,0,2023-05-24,2023-05-24
296,8,오우아,서울 서초구 방배천로6길 3-4 1층 (우)06691,02-2841-5234,월~토 11:00 ~ 22:00,5,0,2023-05-24,2023-05-24
297,1,미인참치,서울 서초구 방배천로2길 2 (우)06693,02-522-6644,월~토 17:00 ~ 01:00,1,0,2023-05-24,2023-05-24
298,4,따올라이,서울 서초구 방배중앙로 149 (우)06560,02-8204-0912,화~일 17:00 ~ 03:00,3,0,2023-05-24,2023-05-24
299,1,철길부산집 이수점,서울 동작구 동작대로27다길 29 서광시티뷰 1층 102호 (우)07008,02-6954-2361,hi,5,0,2023-05-24,2023-05-24
300,3,몰랑이수,서울 동작구 동작대로29길 24 (우)06997,02-9716-7464,매일 08:00 ~ 19:00,1,0,2023-05-24,2023-05-24
301,15,이수오뎅 본점,서울 동작구 동작대로25길 27 1층 (우)07008,02-532-0809,월~토 18:00 ~ 02:00,2,0,2023-05-24,2023-05-24
302,2,육감 방배본점,서울 서초구 효령로 19 (우)06694,02-584-8008,매일 11:00 ~ 22:00,2,0,2023-05-24,2023-05-24
303,14,에이바우트커피 이수점,서울 동작구 동작대로27가길 12 (우)07008,02-9085-2238,매일 08:30 ~ 23:00,2,0,2023-05-24,2023-05-24
304,17,후지스시,서울 동작구 동작대로29가길 23 1층 (우)06997,02-534-9548,매일 11:00 ~ 22:00,4,0,2023-05-24,2023-05-24
305,10,나인피스그릴,서울 서초구 방배천로4길 28 연웅빌딩 1층 (우)06693,02-583-8883,월~금 16:00 ~ 23:00,1,0,2023-05-24,2023-05-24
306,6,스마일포차,서울 서초구 방배중앙로 191 1층 (우)06554,02-8787-6952,월~수 17:00 ~ 02:00,3,0,2023-05-24,2023-05-24
307,17,김봉남포장마차 사당역1호점,서울 동작구 사당로30길 115 2층 (우)07015,02-7394-6357,hi,4,0,2023-05-24,2023-05-24
308,5,이수치막,서울 동작구 동작대로27나길 12 1층 (우)07008,02-7643-9741,월~토 16:00 ~ 02:00,5,0,2023-05-24,2023-05-24
309,7,남원추어탕,서울 동작구 동작대로15길 15 (우)07014,02-9523-6879,hi,3,0,2023-05-24,2023-05-24
310,14,금별맥주 이수점,서울 동작구 동작대로27나길 21 (우)07008,010-4391-7200,hi,2,0,2023-05-24,2023-05-24
311,15,바른치킨 이수역점,서울 동작구 동작대로27다길 14 (우)07008,02-8027-9790,매일 15:00 ~ 01:00,4,0,2023-05-24,2023-05-24
312,16,배스킨라빈스 이수역점,서울 동작구 동작대로27길 15 1층 101호 (우)07008,02-1749-1334,월~토 10:00 ~ 23:00,5,0,2023-05-24,2023-05-24
313,11,쏘맥의달인,서울 동작구 동작대로27길 16-6 2층 (우)07008,02-9253-9968,hi,5,0,2023-05-24,2023-05-24
314,9,향미,서울 서초구 서초대로1길 12 (우)06568,02-8759-4584,hi,4,0,2023-05-24,2023-05-24
315,6,종부네,서울 동작구 동작대로27가길 37 2층 (우)07008,02-5234-6803,월~목 17:00 ~ 23:00,5,0,2023-05-24,2023-05-24
316,14,돌담,서울 동작구 동작대로27다길 12 2층 (우)07008,02-4642-6633,매일 19:00 ~ 02:00,4,0,2023-05-24,2023-05-24
317,1,김명자당진동태아구찜탕,서울 동작구 사당로 229-1 (우)07004,02-536-1233,매일 00:00 ~ 22:30,4,0,2023-05-24,2023-05-24
318,16,오뎅판다 이수역점,서울 동작구 동작대로27가길 32 (우)07008,02-595-5089,월~금 17:00 ~ 02:00,3,0,2023-05-24,2023-05-24
319,15,븟다,서울 동작구 사당로30길 25 메종슈에뜨이수 1층 102호 (우)07013,070-4157-0110,월~목 17:00 ~ 00:00,2,0,2023-05-24,2023-05-24
320,15,온미정,서울 동작구 사당로29가길 46 1층 (우)07008,02-6272-6624,"화~일 11:30 ~ 22:00
화~일 휴게시간 15:00 ~ 16:30",5,0,2023-05-24,2023-05-24
321,12,돝플러스,서울 서초구 서초대로25길 55 1층 (우)06586,02-2077-0973,월~금 17:00 ~ 23:00,3,0,2023-05-24,2023-05-24
322,2,윤공,서울 동작구 동작대로7길 49 1층 (우)07015,02-5197-1051,월~금 16:00 ~ 24:00,5,0,2023-05-24,2023-05-24
323,18,올레요회센터,서울 동작구 사당로30길 150 (우)07025,02-585-0303,매일 11:00 ~ 00:00,3,0,2023-05-24,2023-05-24
324,1,강원도감자옹심이,서울 동작구 사당로30길 63 (우)07014,02-586-2877,"월~금 11:00 ~ 21:00
월~금 휴게시간 16:00 ~ 17:00",2,0,2023-05-24,2023-05-24
325,6,우리회포차 사당점,서울 동작구 사당로30길 148 (우)07025,02-6014-9989,월~토 14:00 ~ 02:00,1,0,2023-05-24,2023-05-24
326,12,방배골숯불갈비,서울 서초구 동광로 7-4 1층 (우)06560,02-3771-1299,hi,1,0,2023-05-24,2023-05-24
327,19,흑산도홍어,서울 서초구 방배천로 40-2 (우)06691,02-5359-4376,hi,1,0,2023-05-24,2023-05-24
328,9,상아김밥 이수점,서울 서초구 서초대로 13 방배마에스트로 1동 1층 103호 (우)06569,02-5613-9014,hi,1,0,2023-05-24,2023-05-24
329,2,리요리요커피,서울 서초구 방배천로18길 11 아르떼상가 B동 104호 (우)06676,02-2882-0818,월~토 12:00 ~ 21:00,5,0,2023-05-24,2023-05-24
330,2,담소소사골순대육개장 이수역점,서울 서초구 서초대로 12 세양아르비채 101동 1층 (우)06675,02-5392-4941,매일 10:00 ~ 23:00,5,0,2023-05-24,2023-05-24
331,7,매드포갈릭 사당점,서울 서초구 방배천로 11 파스텔시티 2층 (우)06693,02-7309-2228,매일 11:30 ~ 22:00,5,0,2023-05-24,2023-05-24
332,13,만랩커피 이수역점,서울 서초구 서초대로 13 1동 1층 105호 (우)06569,02-3936-2771,월~금 08:00 ~ 19:00,5,0,2023-05-24,2023-05-24
333,13,장수촌풍천장어직판장,서울 관악구 남부순환로 2082-37 2층 (우)08806,02-582-0230,매일 10:00 ~ 23:00,3,0,2023-05-24,2023-05-24
334,12,바른고기정육점 서래마을본점,"서울 서초구 동광로 80 정암빌딩 1,2층 (우)06585",02-0505-7248,"매일 11:30 ~ 22:00
매일 휴게시간 15:00 ~ 17:30",2,0,2023-05-24,2023-05-24
335,1,강릉 교동짬뽕,서울 서초구 서초대로1길 23 1층 (우)06567,02-536-9282,"매일 11:00 ~ 20:30
매일 휴게시간 15:00 ~ 17:00",1,0,2023-05-24,2023-05-24
336,15,성림돼지,서울 서초구 서초대로24길 42 (우)06672,02-585-1758,"월~토 11:00 ~ 23:00
월~토 휴게시간 15:00 ~ 17:00",5,0,2023-05-24,2023-05-24
337,13,달비촌대구막창,서울 동작구 동작대로1길 52 (우)07025,02-521-3733,매일 15:00 ~ 01:00,3,0,2023-05-24,2023-05-24
338,9,신셰프양꼬치&훠궈 남현동1호점,서울 관악구 남현3길 71 (우)08806,02-598-0077,매일 12:00 ~ 23:00,3,0,2023-05-24,2023-05-24
339,15,이누식당,서울 서초구 서초대로27길 33 1층 (우)06586,02-8897-2944,"화~토 11:30 ~ 22:00
화~토 휴게시간 14:00 ~ 18:00",3,0,2023-05-24,2023-05-24
340,9,한앤둘치킨호프 이수역직영점,서울 동작구 동작대로27가길 5 (우)07008,02-3476-2277,매일 14:00 ~ 03:00,1,0,2023-05-24,2023-05-24
341,6,목포낙지홍어,서울 동작구 사당로30길 161 (우)07025,02-523-2269,매일 11:00 ~ 22:00,5,0,2023-05-24,2023-05-24
342,12,스타벅스 사당로데오점,서울 서초구 방배천로 5-4 1~4층 (우)06693,02-5336-0079,화~금 07:00 ~ 22:00,2,0,2023-05-24,2023-05-24
343,12,백소정 이수역점,서울 동작구 동작대로27길 12 2층 (우)07008,02-8301-0538,hi,3,0,2023-05-24,2023-05-24
344,6,레코드피맥,서울 동작구 동작대로27다길 26 1층 101호 (우)07008,02-6734-4646,매일 17:00 ~ 03:00,5,0,2023-05-24,2023-05-24
345,9,육쌈냉면 이수점,서울 동작구 동작대로27다길 2 (우)07008,02-3089-8100,매일 11:00 ~ 22:00,1,0,2023-05-24,2023-05-24
346,2,팬사이,서울 동작구 사당로30길 133 2층 (우)07015,070-8777-5444,매일 17:00 ~ 23:00,3,0,2023-05-24,2023-05-24
347,17,만다린,서울 서초구 방배로23길 13 2층 (우)06672,02-3787-2411,hi,2,0,2023-05-24,2023-05-24
348,14,참소예 이수,서울 동작구 동작대로27다길 20 1층 (우)07008,02-593-5609,매일 11:30 ~ 23:50,1,0,2023-05-24,2023-05-24
349,8,원당감자탕 사당점,"서울 서초구 방배천로4길 9 2,3층 (우)06692",02-6264-6409,매일 10:00 ~ 22:00,3,0,2023-05-24,2023-05-24
350,4,시너리(SCENERY),서울 동작구 사당로25가길 1 1층 (우)07006,02-8424-1348,매일 12:00 ~ 22:00,5,0,2023-05-24,2023-05-24
351,1,이자카야나무 사당점,"서울 서초구 방배천로2길 25 2,3층 (우)06693",02-587-6787,매일 15:30 ~ 05:00,1,0,2023-05-24,2023-05-24
352,10,마초셰프,서울 서초구 서초대로25길 8 1층 (우)06588,02-7951-7167,화~일 10:30 ~ 21:00,2,0,2023-05-24,2023-05-24
353,9,LA부대찌개,서울 서초구 효령로31길 90 (우)06682,02-588-0017,"월~금 09:30 ~ 22:00
월~금 휴게시간 16:00 ~ 17:00",5,0,2023-05-24,2023-05-24
354,5,바다회센타,서울 동작구 동작대로27길 20-7 (우)07008,02-5629-2076,hi,3,0,2023-05-24,2023-05-24
355,17,바다당,서울 서초구 방배천로4길 26 2층 (우)06693,02-4957-7212,월~금 16:00 ~ 24:00,5,0,2023-05-24,2023-05-24
356,2,야주포차,서울 동작구 동작대로7길 7 (우)07015,02-7577-4043,매일 16:00 ~ 02:00,5,0,2023-05-24,2023-05-24
357,7,블랙모티브 사당역점,서울 동작구 동작대로7길 48 새한빌딩 1층 (우)07015,02-1375-4942,화 10:30 ~ 23:30,5,0,2023-05-24,2023-05-24
358,18,경복궁함흥냉면,서울 동작구 동작대로27길 16-7 (우)07008,02-533-4309,매일 11:00 ~ 20:30,1,0,2023-05-24,2023-05-24
359,13,우탄,서울 서초구 서초대로1길 8 1층 (우)06568,02-7155-1785,월~토 17:00 ~ 24:00,4,0,2023-05-24,2023-05-24
360,16,푸슈,서울 서초구 서초대로19길 10-11 1층 (우)06573,02-3743-4130,"월,화,목,금,토 11:00 ~ 22:00",1,0,2023-05-24,2023-05-24
361,18,네꼬,서울 동작구 사당로30길 133 (우)07015,02-2218-1507,매일 17:30 ~ 02:00,3,0,2023-05-24,2023-05-24
362,19,양모리,서울 서초구 방배로 174 1층 (우)06586,02-532-8125,월~토 11:00 ~ 22:30,2,0,2023-05-24,2023-05-24
363,7,양평해장국,서울 서초구 방배중앙로 64 가이아빌딩 1층 (우)06673,02-588-8832,월~토 06:00 ~ 21:00,1,0,2023-05-24,2023-05-24
364,1,호림수산,"서울 서초구 방배천로 16 1,2층 (우)06693",02-585-8531,매일 11:00 ~ 23:00,4,0,2023-05-24,2023-05-24
365,7,바닷가,서울 동작구 동작대로13길 8 1층 (우)07014,02-6133-2172,hi,1,0,2023-05-24,2023-05-24
366,4,공차 이수점,서울 동작구 동작대로27길 14 1층 (우)07008,02-9050-7685,매일 08:00 ~ 22:00,3,0,2023-05-24,2023-05-24
367,20,이슬도둑,서울 동작구 동작대로27가길 11 1층 (우)07008,02-536-0302,월~금 16:00 ~ 02:00,1,0,2023-05-24,2023-05-24
368,9,한솥도시락 이수역서문여고점,서울 서초구 동광로12가길 21 (우)06568,02-2366-7145,매일 08:00 ~ 21:00,4,0,2023-05-24,2023-05-24
369,17,어거스트치킨 본점,서울 서초구 방배로 140 인산빌딩 1층 (우)06664,02-6081-5220,매일 15:00 ~ 02:00,5,0,2023-05-24,2023-05-24
370,8,파아람,서울 서초구 동광로12길 120 (우)06568,02-3477-2588,hi,5,0,2023-05-24,2023-05-24
371,15,아티제 사당파스텔시티점,서울 서초구 방배천로 11 SK리더스뷰 (우)06693,02-4850-1014,매일 08:30 ~ 22:00,3,0,2023-05-24,2023-05-24
372,9,산천칡냉면전문,서울 동작구 사당로12길 2 2층 (우)07009,02-3472-2849,화~일 11:30 ~ 19:50,1,0,2023-05-24,2023-05-24
373,7,봉빌렛,서울 동작구 사당로30길 25 메종슈에뜨이수 1층 101호 (우)07013,02-8082-0439,"월,화,수,목,일 19:00 ~ 02:00",4,0,2023-05-24,2023-05-24
374,3,본죽 사당점,서울 동작구 동작대로 43 호진빌딩 1층 (우)07015,02-8787-5631,매일 10:00 ~ 22:00,5,0,2023-05-24,2023-05-24
375,8,신채정샤브수끼칼국수,서울 동작구 동작대로27길 16-7 2층 (우)07008,02-4080-2299,hi,1,0,2023-05-24,2023-05-24
376,9,이고집쭈꾸미 사당직영점,서울 서초구 방배천로2길 39-14 (우)06693,02-585-5879,월~금 11:30 ~ 23:00,1,0,2023-05-24,2023-05-24
377,15,정정아식당 이수역점,서울 서초구 동작대로 108 방배디오슈페리움2차 1층 (우)06568,02-4643-8869,hi,2,0,2023-05-24,2023-05-24
378,10,아트메이저,서울 서초구 서초대로 114 1층 (우)06664,02-521-6239,월~금 08:30 ~ 22:00,4,0,2023-05-24,2023-05-24
379,1,카페희다 사당점,서울 동작구 동작대로 49 1층 (우)07014,070-4833-5001,월~금 08:30 ~ 22:30,3,0,2023-05-24,2023-05-24
380,19,육대장 이수역점,서울 동작구 동작대로31길 17 1층 (우)06997,02-534-6484,매일 11:00 ~ 22:00,4,0,2023-05-24,2023-05-24
381,8,교촌치킨 사당1호점,서울 동작구 사당로23길 2 1층 (우)07006,02-2207-9584,매일 12:00 ~ 24:00,4,0,2023-05-24,2023-05-24
382,6,아웃백스테이크하우스 사당파스텔시티점,서울 서초구 방배천로 11 4층 401호 (우)06693,02-2315-6321,매일 11:00 ~ 22:00,5,0,2023-05-24,2023-05-24
383,9,조개랑통골뱅이,서울 동작구 동작대로25길 20 (우)07008,02-3344-8126,hi,1,0,2023-05-24,2023-05-24
384,12,이디야커피 사당점,서울 동작구 동작대로 45 (우)07014,02-1035-8697,월~금 08:00 ~ 23:00,5,0,2023-05-24,2023-05-24
385,2,프랭크버거 이수역점,서울 서초구 동작대로 138 소방빌딩 1층 (우)06567,02-5368-6994,매일 11:00 ~ 21:00,5,0,2023-05-24,2023-05-24
386,7,명인등심 방배점,서울 서초구 서초대로 87 1층 (우)06573,02-591-3888,"매일 11:00 ~ 22:00
매일 휴게시간 14:00 ~ 17:00",3,0,2023-05-24,2023-05-24
387,8,꼼 이수본점,"서울 동작구 동작대로27나길 21 두원상가 110,111호 (우)07008",02-2617-0154,hi,4,0,2023-05-24,2023-05-24
388,19,타누키돈부리 이수역점,서울 동작구 동작대로27가길 14 (우)07008,02-537-5347,"월,화,목,금,토,일 11:00 ~ 22:30",5,0,2023-05-24,2023-05-24
389,4,강남동태찜,서울 서초구 방배천로2길 31 지상 2층 (우)06693,02-598-6060,매일 10:00 ~ 23:00,1,0,2023-05-24,2023-05-24
390,4,브로스키친,서울 서초구 방배천로18길 32 1층 (우)06677,02-6499-3690,hi,4,0,2023-05-24,2023-05-24
391,5,마실,서울 동작구 사당로 215 서림빌딩 1층 115~118호 (우)07004,02-7055-5951,화~토 11:00 ~ 22:00,4,0,2023-05-24,2023-05-24
392,13,명동참치,서울 동작구 동작대로1길 18 2층 (우)07025,02-2055-0011,매일 11:30 ~ 22:30,5,0,2023-05-24,2023-05-24
393,3,대나무집,서울 동작구 동작대로27나길 34 (우)07008,02-8791-3771,hi,4,0,2023-05-24,2023-05-24
394,1,담양죽순추어탕,서울 관악구 남부순환로 2082-37 (우)08806,02-597-0036,매일 11:00 ~ 22:00 (포장은 10:00부터),4,0,2023-05-24,2023-05-24
